{"name": "everyday/ToyFigure/7cc11810eaa479e177e21aa92afd81b0/mode_2", "gt_trans_rots": [[-0.17530424892902374, 0.07824911177158356, -0.28750479221343994, 0.20044565200805664, 0.40610265731811523, 0.741470217704773, -0.49510008096694946], [0.0771801695227623, 0.0818810984492302, -0.14255158603191376, -0.36446425318717957, 0.6969150900840759, -0.04794646427035332, 0.6157729625701904], [0.01700994372367859, 0.04062945395708084, 0.3279629647731781, 0.9722200036048889, 0.18665426969528198, 0.04603782668709755, 0.13352517783641815]], "pred_trans_rots": [[[-1.0743944644927979, -0.21335859596729279, 1.714245319366455, -0.5482679605484009, 0.5335279703140259, 0.8394571542739868, -0.5687942504882812], [-1.7230514287948608, -0.6614199876785278, 0.2137281894683838, -1.5598125457763672, 0.34641069173812866, 0.8176686763763428, 0.7389562726020813], [0.01700994372367859, 0.04062945395708084, 0.3279629647731781, 0.9722200036048889, 0.18665426969528198, 0.04603782668709755, 0.13352517783641815]], [[-1.3201756477355957, 0.23251789808273315, 0.7693027257919312, 0.015930593013763428, 0.5191663503646851, 0.5452933311462402, -0.028650641441345215], [-0.8865352272987366, 0.370699018239975, 0.4356781840324402, -1.1231250762939453, 0.1904381811618805, 0.6947776079177856, 0.7605661153793335], [0.01700994372367859, 0.04062945395708084, 0.3279629647731781, 0.9722200036048889, 0.18665426969528198, 0.04603782668709755, 0.13352517783641815]], [[-0.6714708209037781, -0.6915274858474731, 0.028246909379959106, 0.34875166416168213, 0.7648693323135376, 0.41114962100982666, 0.1272822618484497], [-0.014366120100021362, -0.09367512166500092, 0.1229889988899231, -0.8961493968963623, 0.5096082091331482, 0.29100310802459717, 0.04173386096954346], [0.01700994372367859, 0.04062945395708084, 0.3279629647731781, 0.9722200036048889, 0.18665426969528198, 0.04603782668709755, 0.13352517783641815]], [[-0.8956024646759033, -0.504912257194519, 0.3020056188106537, 0.3059313893318176, 0.27356767654418945, 0.5546878576278687, 0.08455901592969894], [0.2555519938468933, 0.0001761801540851593, 0.22344768047332764, -0.27920085191726685, 0.32685163617134094, -0.11582309007644653, -0.010413073003292084], [0.01700994372367859, 0.04062945395708084, 0.3279629647731781, 0.9722200036048889, 0.18665426969528198, 0.04603782668709755, 0.13352517783641815]], [[-0.8059249520301819, -0.2608185410499573, 0.22628538310527802, 0.22521576285362244, 0.19567447900772095, 0.5167489051818848, 0.35068026185035706], [0.36962568759918213, 0.22864411771297455, -0.02722834050655365, -0.20526301860809326, 0.48401737213134766, 0.02884596213698387, 0.13406902551651], [0.01700994372367859, 0.04062945395708084, 0.3279629647731781, 0.9722200036048889, 0.18665426969528198, 0.04603782668709755, 0.13352517783641815]], [[-0.7233471870422363, -0.24418283998966217, 0.1254306584596634, 0.2089575231075287, 0.17574962973594666, 0.5525882244110107, 0.2548408508300781], [0.20062530040740967, 0.20184029638767242, -0.03356866165995598, -0.2328454703092575, 0.39633655548095703, -0.17879146337509155, 0.2748211622238159], [0.01700994372367859, 0.04062945395708084, 0.3279629647731781, 0.9722200036048889, 0.18665426969528198, 0.04603782668709755, 0.13352517783641815]], [[-0.6193113327026367, -0.37166887521743774, 0.23441128432750702, 0.07478027045726776, 0.32967546582221985, 0.5776625275611877, 0.06565025448799133], [0.12707176804542542, 0.04545220732688904, -0.18536625802516937, -0.23427729308605194, 0.3920593559741974, 0.04223372042179108, 0.37386494874954224], [0.01700994372367859, 0.04062945395708084, 0.3279629647731781, 0.9722200036048889, 0.18665426969528198, 0.04603782668709755, 0.13352517783641815]], [[-0.4225909113883972, -0.44675412774086, -0.01457524299621582, 0.1120317280292511, 0.3099558651447296, 0.5233476161956787, -0.0746181458234787], [-0.021900907158851624, 0.07855261862277985, -0.06091989576816559, -0.14042985439300537, 0.3374994397163391, 0.03934939205646515, 0.3089544475078583], [0.01700994372367859, 0.04062945395708084, 0.3279629647731781, 0.9722200036048889, 0.18665426969528198, 0.04603782668709755, 0.13352517783641815]], [[-0.3871912956237793, -0.5009931325912476, -0.1706845611333847, -0.014051318168640137, 0.13061702251434326, 0.5306990146636963, -0.19809067249298096], [-0.20582982897758484, 0.21525241434574127, 0.1090407744050026, -0.4526134431362152, 0.23152506351470947, 0.15238845348358154, 0.2140750288963318], [0.01700994372367859, 0.04062945395708084, 0.3279629647731781, 0.9722200036048889, 0.18665426969528198, 0.04603782668709755, 0.13352517783641815]], [[-0.25480690598487854, -0.41027024388313293, -0.2645657956600189, 0.06042332947254181, 0.20833897590637207, 0.5828145742416382, -0.2839263677597046], [-0.12517966330051422, 0.2650299072265625, 0.053264811635017395, -0.5206289887428284, 0.2678685188293457, 0.18605518341064453, 0.17136448621749878], [0.01700994372367859, 0.04062945395708084, 0.3279629647731781, 0.9722200036048889, 0.18665426969528198, 0.04603782668709755, 0.13352517783641815]], [[-0.23392334580421448, -0.22975823283195496, -0.16768380999565125, 0.16796237230300903, 0.2003726363182068, 0.6685972213745117, -0.3111153841018677], [-0.18867695331573486, 0.2704926133155823, 0.09676025807857513, -0.37936580181121826, 0.43698495626449585, 0.2964409291744232, 0.2544981837272644], [0.01700994372367859, 0.04062945395708084, 0.3279629647731781, 0.9722200036048889, 0.18665426969528198, 0.04603782668709755, 0.13352517783641815]], [[-0.1924924999475479, -0.38249513506889343, -0.18370729684829712, 0.1936485767364502, 0.27504152059555054, 0.7083517909049988, -0.2918550670146942], [-0.26148390769958496, 0.06672392785549164, -0.05427443981170654, -0.3962683379650116, 0.6450771689414978, 0.33868271112442017, 0.3366166055202484], [0.01700994372367859, 0.04062945395708084, 0.3279629647731781, 0.9722200036048889, 0.18665426969528198, 0.04603782668709755, 0.13352517783641815]], [[-0.15065288543701172, -0.35595306754112244, -0.12593716382980347, 0.1432197391986847, 0.3143911361694336, 0.8073374032974243, -0.20755919814109802], [-0.15137286484241486, 0.07455232739448547, -0.054840706288814545, -0.31047531962394714, 0.7565306425094604, 0.2631727457046509, 0.4676235318183899], [0.01700994372367859, 0.04062945395708084, 0.3279629647731781, 0.9722200036048889, 0.18665426969528198, 0.04603782668709755, 0.13352517783641815]], [[-0.142421692609787, -0.23545515537261963, -0.2102758288383484, 0.17533564567565918, 0.42331719398498535, 0.778335690498352, -0.22663217782974243], [-0.1662740707397461, 0.08654221147298813, -0.047655895352363586, -0.35865676403045654, 0.8118088245391846, 0.09181734919548035, 0.5592901706695557], [0.01700994372367859, 0.04062945395708084, 0.3279629647731781, 0.9722200036048889, 0.18665426969528198, 0.04603782668709755, 0.13352517783641815]], [[-0.18732646107673645, -0.14412640035152435, -0.31884369254112244, 0.19623048603534698, 0.5130308270454407, 0.7324500679969788, -0.343527615070343], [-0.14966142177581787, 0.10482477396726608, -0.09394355118274689, -0.3451429009437561, 0.7851778268814087, 0.04696720466017723, 0.5681149959564209], [0.01700994372367859, 0.04062945395708084, 0.3279629647731781, 0.9722200036048889, 0.18665426969528198, 0.04603782668709755, 0.13352517783641815]], [[-0.19009068608283997, -0.09892547130584717, -0.3220720589160919, 0.21495214104652405, 0.4770292639732361, 0.7951492667198181, -0.4215986728668213], [-0.09570828080177307, 0.06927787512540817, -0.09945990145206451, -0.2499954104423523, 0.7067480087280273, 0.017336547374725342, 0.5239033102989197], [0.01700994372367859, 0.04062945395708084, 0.3279629647731781, 0.9722200036048889, 0.18665426969528198, 0.04603782668709755, 0.13352517783641815]], [[-0.2060755491256714, -0.03687882795929909, -0.36379319429397583, 0.24664273858070374, 0.42311668395996094, 0.7723798751831055, -0.4547947943210602], [-0.03204528987407684, 0.00987911969423294, -0.14632661640644073, -0.3398429751396179, 0.7583979964256287, -0.001309382263571024, 0.588445782661438], 