{"name": "everyday/Vase/8fb8d64e04e0be16a383bc0337fb2972/fractured_66", "gt_trans_rots": [[-0.0021179066970944405, -0.0020178426057100296, -0.08735650032758713, -0.12045423686504364, -0.31957343220710754, 0.7813451886177063, 0.5223631858825684], [0.020721277222037315, 0.08869042992591858, 0.4717300236225128, 0.13494358956813812, -0.4610234797000885, 0.8706325888633728, -0.10604951530694962], [0.04477790370583534, -0.05148821696639061, 0.43841442465782166, -0.03613151237368584, 0.19055967032909393, 0.694786787033081, -0.6925697326660156], [0.08479291945695877, -0.013163961470127106, 0.46518051624298096, 0.9520907402038574, -0.26450514793395996, 0.1336439698934555, -0.07549504935741425], [-0.012514496222138405, -0.07881531864404678, 0.4627726972103119, 0.8691964745521545, 0.44780629873275757, -0.03152051568031311, -0.20730052888393402], [0.057831767946481705, 0.04313017427921295, 0.44605526328086853, -0.38384419679641724, 0.016901563853025436, 0.8464542031288147, 0.3686370849609375]], "pred_trans_rots": [[[-0.0021179066970944405, -0.0020178426057100296, -0.08735650032758713, -0.12045423686504364, -0.31957343220710754, 0.7813451886177063, 0.5223631858825684], [0.33158078789711, -0.8199390769004822, -0.24767589569091797, 0.9038402438163757, -0.9344877004623413, 1.079223394393921, -0.7909796237945557], [-0.061284661293029785, 0.28725600242614746, 0.76969313621521, -0.04853317141532898, 0.11215487122535706, 0.05120426416397095, 0.4918869733810425], [-0.3032369017601013, 0.27684465050697327, 0.6977488994598389, 0.18432390689849854, -1.7156531810760498, 1.155074954032898, -0.9481779336929321], [1.0824298858642578, 1.0988759994506836, -0.43383491039276123, -0.4309338331222534, 0.7484660148620605, -0.42486560344696045, 0.2724466323852539], [0.11326390504837036, -0.9090145230293274, -0.03506499528884888, -0.07899653911590576, 1.0025116205215454, 0.658122181892395, -0.6564604043960571]], [[-0.0021179066970944405, -0.0020178426057100296, -0.08735650032758713, -0.12045423686504364, -0.31957343220710754, 0.7813451886177063, 0.5223631858825684], [0.0932789295911789, 0.07807093858718872, -0.3773447275161743, 0.731010913848877, -1.3063628673553467, 1.6180343627929688, -0.17858314514160156], [-0.21047818660736084, 0.40301889181137085, 0.3534325957298279, 0.24349240958690643, 0.20236113667488098, -0.5385252237319946, 0.5753787159919739], [0.2776066064834595, 0.08135437965393066, 0.5127061009407043, -0.48613351583480835, -1.2542877197265625, 1.2682608366012573, -1.0710488557815552], [1.0914204120635986, -0.38098061084747314, -1.0471893548965454, -0.4456164836883545, 0.09800827503204346, -0.30606675148010254, 0.3820776343345642], [-0.30941683053970337, -1.2443625926971436, 0.876995861530304, 0.09497594088315964, 0.6754215955734253, 1.1849430799484253, -0.06089147925376892]], [[-0.0021179066970944405, -0.0020178426057100296, -0.08735650032758713, -0.12045423686504364, -0.31957343220710754, 0.7813451886177063, 0.5223631858825684], [0.25131791830062866, -0.12574228644371033, -0.3412052094936371, 0.09098818898200989, -0.6810822486877441, 1.4291095733642578, -0.24577879905700684], [0.14001062512397766, 0.6600720882415771, 0.6203866600990295, 0.9099080562591553, -0.12612348794937134, -0.682054877281189, 0.608356237411499], [0.2599966526031494, 0.058993563055992126, 0.4166381359100342, 0.542534589767456, -0.5552548766136169, 0.3024144172668457, -0.7763440012931824], [0.15243321657180786, -0.673068642616272, -0.0019583404064178467, 0.1656646728515625, 0.051588743925094604, -0.3859473466873169, 0.3719007074832916], [-0.1472344547510147, -1.1187313795089722, 0.9301576018333435, -0.016699757426977158, 0.0035328269004821777, 1.1140596866607666, -0.3112570643424988]], [[-0.0021179066970944405, -0.0020178426057100296, -0.08735650032758713, -0.12045423686504364, -0.31957343220710754, 0.7813451886177063, 0.5223631858825684], [0.028910502791404724, -0.26647746562957764, 0.21062971651554108, 0.8162274360656738, -0.2852116823196411, 1.0391154289245605, -0.11502888798713684], [0.06731284409761429, 0.3350231945514679, 0.6605376601219177, 0.21737980842590332, -0.33994168043136597, -1.126277208328247, 0.38419675827026367], [0.517565131187439, 0.3147575259208679, 0.14599090814590454, 0.1576387882232666, -0.41203436255455017, 0.30967554450035095, -0.7589191794395447], [0.44214215874671936, -0.40870052576065063, 0.31442660093307495, 0.5330141186714172, 0.014035522937774658, -0.33083295822143555, 0.42767155170440674], [-0.27924954891204834, -0.32699835300445557, 0.6862378120422363, -0.4850568473339081, -0.08232604712247849, 1.0125373601913452, -0.29012930393218994]], [[-0.0021179066970944405, -0.0020178426057100296, -0.08735650032758713, -0.12045423686504364, -0.31957343220710754, 0.7813451886177063, 0.5223631858825684], [0.10570134222507477, -0.29708054661750793, -0.09150168299674988, 0.7941908240318298, -0.20430335402488708, 1.0986562967300415, 0.06742961704730988], [0.13342581689357758, 0.4657765030860901, 0.6775603890419006, 0.29984334111213684, -0.6622098088264465, -0.9908218383789062, 0.3652065694332123], [0.3554305136203766, -0.10639870166778564, 0.23315981030464172, 0.40969187021255493, -0.6791158318519592, 0.08311617374420166, -0.7000781297683716], [0.38109129667282104, -0.43673866987228394, 0.49779361486434937, 0.7158383131027222, 0.06896084547042847, -0.11171486973762512, 0.3484014868736267], [-0.44540250301361084, -0.3085760772228241, 0.6940444707870483, -0.429043173789978, 0.03526555746793747, 0.7040145397186279, -0.46110618114471436]], [[-0.0021179066970944405, -0.0020178426057100296, -0.08735650032758713, -0.12045423686504364, -0.31957343220710754, 0.7813451886177063, 0.5223631858825684], [0.08098797500133514, -0.20141756534576416, -0.008132770657539368, 0.6529112458229065, -0.09218750894069672, 1.128501296043396, -0.024489663541316986], [-0.03938283026218414, 0.2302507758140564, 0.6401541233062744, 0.468961626291275, -0.5785103440284729, -0.9153488278388977, 0.34689798951148987], [0.4038350582122803, -0.05173894017934799, 0.5020259618759155, 0.49191218614578247, -0.5712855458259583, 0.29399701952934265, -0.793723464012146], [0.42803701758384705, -0.5275108814239502, 0.36269450187683105, 0.9155653119087219, 0.2451450675725937, -0.11360535770654678, 0.3543231189250946], [-0.36188367009162903, -0.4029494524002075, 0.7036083340644836, -0.4482687711715698, 0.05118824541568756, 0.7886672019958496, -0.35990986227989197]], [[-0.0021179066970944405, -0.0020178426057100296, -0.08735650032758713, -0.12045423686504364, -0.31957343220710754, 0.7813451886177063, 0.5223631858825684], [-0.014809489250183105, -0.3158864676952362, 0.19302919507026672, 0.6150193214416504, 0.10744161903858185, 1.1148523092269897, -0.06690257787704468], [-0.01715693436563015, -0.07212290167808533, 0.6208204030990601, 0.39006251096725464, -0.4737977385520935, -0.9511522054672241, 0.4232957661151886], [0.22654908895492554, -0.06533921509981155, 0.5061464309692383, 0.44161731004714966, -0.6171221733093262, 0.24330714344978333, -0.7761566638946533], [0.4728395342826843, -0.3383965492248535, 0.3280756175518036, 0.9702633619308472, 0.06515616178512573, -0.10029855370521545, 0.2945345938205719], [-0.36361563205718994, -0.25294163823127747, 0.729972779750824, -0.31438031792640686, -0.05683397501707077, 1.0376498699188232, -0.33150434494018555]], [[-0.0021179066970944405, -0.0020178426057100296, -0.08735650032758713, -0.12045423686504364, -0.31957343220710754, 0.7813451886177063, 0.5223631858825684], [-0.01031662430614233, -0.38664376735687256, 0.2337881624698639, 0.5611276626586914, 0.15364675223827362, 1.1266779899597168, 0.044143617153167725], [0.0020987186580896378, 0.044493548572063446, 0.3668174743652344, 0.3940110206604004, -0.43276679515838623, -0.8556907176971436, 0.5495889186859131], [0.08188977837562561, 0.08653547614812851, 0.5503773093223572, 0.5348107814788818, -0.6512892246246338, 0.2716223895549774, -0.5487638711929321], [0.46490100026130676, -0.2769879996776581, 0.2358900010585785, 0.8444732427597046, 